{
  "Östra Sjukhuset": "https://www.google.com/search?q=Gothenburg+%C3%96stra+Sjukhuset",
  "Tingvallsvägen": "https://www.google.com/search?q=Gothenburg+Tingvallsv%C3%A4gen",
  "Kaggeledstorget": "https://www.google.com/search?q=Gothenburg+Kaggeledstorget",
  "Ättehögsgatan": "https://www.google.com/search?q=Gothenburg+%C3%84tteh%C3%B6gsgatan",
  "Munkebäckstorget": "https://www.google.com/search?q=Gothenburg+Munkeb%C3%A4ckstorget",
  "Härlanda": "https://www.google.com/search?q=Gothenburg+H%C3%A4rlanda",
  "Stockholmsgatan": "https://www.google.com/search?q=Gothenburg+Stockholmsgatan",
  "Redbergsplatsen": "https://www.google.com/search?q=Gothenburg+Redbergsplatsen",
  "Olskrokstorget": "https://www.google.com/search?q=Gothenburg+Olskrokstorget",
  "Svingeln": "https://www.google.com/search?q=Gothenburg+Svingeln",
  "Ullevi Norra": "https://www.google.com/search?q=Gothenburg+Ullevi+Norra",
  "Centralstationen": "https://www.google.com/search?q=Gothenburg+Centralstationen",
  "Brunnsparken": "https://www.google.com/search?q=Gothenburg+Brunnsparken",
  "Stenpiren": "https://www.google.com/search?q=Gothenburg+Stenpiren",
  "Järntorget": "https://www.google.com/search?q=Gothenburg+J%C3%A4rntorget",
  "Prinsgatan": "https://www.google.com/search?q=Gothenburg+Prinsgatan",
  "Olivedalsgatan": "https://www.google.com/search?q=Gothenburg+Olivedalsgatan",
  "Linnéplatsen": "https://www.google.com/search?q=Gothenburg+Linn%C3%A9platsen",
  "Botaniska Trädgården": "https://www.google.com/search?q=Gothenburg+Botaniska+Tr%C3%A4dg%C3%A5rden",
  "Marklandsgatan": "https://www.google.com/search?q=Gothenburg+Marklandsgatan",
  "Axel Dahlströms Torg": "https://www.google.com/search?q=Gothenburg+Axel+Dahlstr%C3%B6ms+Torg",
  "Lantmilsgatan": "https://www.google.com/search?q=Gothenburg+Lantmilsgatan",
  "Nymilsgatan": "https://www.google.com/search?q=Gothenburg+Nymilsgatan",
  "Musikvägen": "https://www.google.com/search?q=Gothenburg+Musikv%C3%A4gen",
  "Positivgatan": "https://www.google.com/search?q=Gothenburg+Positivgatan",
  "Frölunda Torg Spårvagn": "https://www.google.com/search?q=Gothenburg+Fr%C3%B6lunda+Torg+Sp%C3%A5rvagn",
  "Briljantgatan": "https://www.google.com/search?q=Gothenburg+Briljantgatan",
  "Smaragdgatan": "https://www.google.com/search?q=Gothenburg+Smaragdgatan",
  "Opaltorget": "https://www.google.com/search?q=Gothenburg+Opaltorget",
  "Mölndals Innerstad": "https://www.google.com/search?q=Gothenburg+M%C3%B6lndals+Innerstad",
  "Mölndals sjukhus": "https://www.google.com/search?q=Gothenburg+M%C3%B6lndals+sjukhus",
  "Lackarebäck": "https://www.google.com/search?q=Gothenburg+Lackareb%C3%A4ck",
  "Krokslätts Fabriker": "https://www.google.com/search?q=Gothenburg+Kroksl%C3%A4tts+Fabriker",
  "Krokslätts torg": "https://www.google.com/search?q=Gothenburg+Kroksl%C3%A4tts+torg",
  "Lana": "https://www.google.com/search?q=Gothenburg+Lana",
  "Varbergsgatan": "https://www.google.com/search?q=Gothenburg+Varbergsgatan",
  "Elisedal": "https://www.google.com/search?q=Gothenburg+Elisedal",
  "Almedal": "https://www.google.com/search?q=Gothenburg+Almedal",
  "Liseberg Södra": "https://www.google.com/search?q=Gothenburg+Liseberg+S%C3%B6dra",
  "Korsvägen": "https://www.google.com/search?q=Gothenburg+Korsv%C3%A4gen",
  "Scandinavium": "https://www.google.com/search?q=Gothenburg+Scandinavium",
  "Ullevi Södra": "https://www.google.com/search?q=Gothenburg+Ullevi+S%C3%B6dra",
  "Domkyrkan": "https://www.google.com/search?q=Gothenburg+Domkyrkan",
  "Grönsakstorget": "https://www.google.com/search?q=Gothenburg+Gr%C3%B6nsakstorget",
  "Vasaplatsen": "https://www.google.com/search?q=Gothenburg+Vasaplatsen",
  "Vasa Viktoriagatan": "https://www.google.com/search?q=Gothenburg+Vasa+Viktoriagatan",
  "Handelshögskolan": "https://www.google.com/search?q=Gothenburg+Handelsh%C3%B6gskolan",
  "Brunnsgatan": "https://www.google.com/search?q=Gothenburg+Brunnsgatan",
  "Seminariegatan": "https://www.google.com/search?q=Gothenburg+Seminariegatan",
  "Bokekullsgatan": "https://www.google.com/search?q=Gothenburg+Bokekullsgatan",
  "Högsbogatan": "https://www.google.com/search?q=Gothenburg+H%C3%B6gsbogatan",
  "Klintens Väg": "https://www.google.com/search?q=Gothenburg+Klintens+V%C3%A4g",
  "Godhemsgatan": "https://www.google.com/search?q=Gothenburg+Godhemsgatan",
  "Mariaplan": "https://www.google.com/search?q=Gothenburg+Mariaplan",
  "Ostindiegatan": "https://www.google.com/search?q=Gothenburg+Ostindiegatan",
  "Vagnhallen Majorna": "https://www.google.com/search?q=Gothenburg+Vagnhallen+Majorna",
  "Jaegerdorffsplatsen": "https://www.google.com/search?q=Gothenburg+Jaegerdorffsplatsen",
  "Chapmans Torg": "https://www.google.com/search?q=Gothenburg+Chapmans+Torg",
  "Kaptensgatan": "https://www.google.com/search?q=Gothenburg+Kaptensgatan",
  "Stigbergstorget": "https://www.google.com/search?q=Gothenburg+Stigbergstorget",
  "Masthuggstorget": "https://www.google.com/search?q=Gothenburg+Masthuggstorget",
  "Hagakyrkan": "https://www.google.com/search?q=Gothenburg+Hagakyrkan",
  "Valand": "https://www.google.com/search?q=Gothenburg+Valand",
  "Kungsportsplatsen": "https://www.google.com/search?q=Gothenburg+Kungsportsplatsen",
  "Solrosgatan": "https://www.google.com/search?q=Gothenburg+Solrosgatan",
  "Sanatoriegatan": "https://www.google.com/search?q=Gothenburg+Sanatoriegatan",
  "Virginsgatan": "https://www.google.com/search?q=Gothenburg+Virginsgatan",
  "Berzeliigatan": "https://www.google.com/search?q=Gothenburg+Berzeliigatan",
  "Gamlestads Torg": "https://www.google.com/search?q=Gothenburg+Gamlestads+Torg",
  "Hjällbo": "https://www.google.com/search?q=Gothenburg+Hj%C3%A4llbo",
  "Hammarkullen": "https://www.google.com/search?q=Gothenburg+Hammarkullen",
  "Storås": "https://www.google.com/search?q=Gothenburg+Stor%C3%A5s",
  "Angered Centrum": "https://www.google.com/search?q=Gothenburg+Angered+Centrum",
  "Welandergatan": "https://www.google.com/search?q=Gothenburg+Welandergatan",
  "Töpelsgatan": "https://www.google.com/search?q=Gothenburg+T%C3%B6pelsgatan",
  "Bögatan": "https://www.google.com/search?q=Gothenburg+B%C3%B6gatan",
  "Ekmanska": "https://www.google.com/search?q=Gothenburg+Ekmanska",
  "Bäckeliden": "https://www.google.com/search?q=Gothenburg+B%C3%A4ckeliden",
  "Sankt Sigfrids Plan": "https://www.google.com/search?q=Gothenburg+Sankt+Sigfrids+Plan",
  "Liseberg Station": "https://www.google.com/search?q=Gothenburg+Liseberg+Station",
  "Lilla Bommen": "https://www.google.com/search?q=Gothenburg+Lilla+Bommen",
  "Frihamnen": "https://www.google.com/search?q=Gothenburg+Frihamnen",
  "Hjalmar Brantingsplatsen": "https://www.google.com/search?q=Gothenburg+Hjalmar+Brantingsplatsen",
  "Vågmästareplatsen": "https://www.google.com/search?q=Gothenburg+V%C3%A5gm%C3%A4stareplatsen",
  "Wieselgrensplatsen": "https://www.google.com/search?q=Gothenburg+Wieselgrensplatsen",
  "Rambergsvallen": "https://www.google.com/search?q=Gothenburg+Rambergsvallen",
  "Gropegårdsgatan": "https://www.google.com/search?q=Gothenburg+Gropeg%C3%A5rdsgatan",
  "Eketrägatan": "https://www.google.com/search?q=Gothenburg+Eketr%C3%A4gatan",
  "Sälöfjordsgatan": "https://www.google.com/search?q=Gothenburg+S%C3%A4l%C3%B6fjordsgatan",
  "Vårväderstorget": "https://www.google.com/search?q=Gothenburg+V%C3%A5rv%C3%A4derstorget",
  "Mildvädersgatan": "https://www.google.com/search?q=Gothenburg+Mildv%C3%A4dersgatan",
  "Önskevädersgatan": "https://www.google.com/search?q=Gothenburg+%C3%96nskev%C3%A4dersgatan",
  "Friskväderstorget": "https://www.google.com/search?q=Gothenburg+Friskv%C3%A4derstorget",
  "Väderilsgatan": "https://www.google.com/search?q=Gothenburg+V%C3%A4derilsgatan",
  "Temperaturgatan": "https://www.google.com/search?q=Gothenburg+Temperaturgatan",
  "Varmfrontsgatan": "https://www.google.com/search?q=Gothenburg+Varmfrontsgatan",
  "Aprilgatan": "https://www.google.com/search?q=Gothenburg+Aprilgatan",
  "Allhelgonakyrkan": "https://www.google.com/search?q=Gothenburg+Allhelgonakyrkan",
  "Kortedala Torg": "https://www.google.com/search?q=Gothenburg+Kortedala+Torg",
  "Runstavsgatan": "https://www.google.com/search?q=Gothenburg+Runstavsgatan",
  "Nymånegatan": "https://www.google.com/search?q=Gothenburg+Nym%C3%A5negatan",
  "Beväringsgatan": "https://www.google.com/search?q=Gothenburg+Bev%C3%A4ringsgatan",
  "Kviberg": "https://www.google.com/search?q=Gothenburg+Kviberg",
  "Bellevue": "https://www.google.com/search?q=Gothenburg+Bellevue",
  "SKF": "https://www.google.com/search?q=Gothenburg+SKF",
  "Ejdergatan": "https://www.google.com/search?q=Gothenburg+Ejdergatan",
  "Chalmers": "https://www.google.com/search?q=Gothenburg+Chalmers",
  "Wavrinskys Plats": "https://www.google.com/search?q=Gothenburg+Wavrinskys+Plats",
  "Medicinaregatan": "https://www.google.com/search?q=Gothenburg+Medicinaregatan",
  "Sahlgrenska Huvudentré": "https://www.google.com/search?q=Gothenburg+Sahlgrenska+Huvudentr%C3%A9",
  "Nordstan": "https://www.google.com/search?q=Gothenburg+Nordstan",
  "Komettorget": "https://www.google.com/search?q=Gothenburg+Komettorget",
  "Rymdtorget Spårvagn": "https://www.google.com/search?q=Gothenburg+Rymdtorget+Sp%C3%A5rvagn",
  "Teleskopgatan": "https://www.google.com/search?q=Gothenburg+Teleskopgatan",
  "Galileis Gata": "https://www.google.com/search?q=Gothenburg+Galileis+Gata",
  "Januarigatan": "https://www.google.com/search?q=Gothenburg+Januarigatan",
  "Kapellplatsen": "https://www.google.com/search?q=Gothenburg+Kapellplatsen",
  "Sannaplan": "https://www.google.com/search?q=Gothenburg+Sannaplan",
  "Sandarna": "https://www.google.com/search?q=Gothenburg+Sandarna",
  "Kungssten": "https://www.google.com/search?q=Gothenburg+Kungssten",
  "Doktor Sydows Gata": "https://www.google.com/search?q=Gothenburg+Doktor+Sydows+Gata",
  "Doktor Fries Torg": "https://www.google.com/search?q=Gothenburg+Doktor+Fries+Torg",
  "Saltholmen": "https://www.google.com/search?q=Gothenburg+Saltholmen",
  "Roddföreningen": "https://www.google.com/search?q=Gothenburg+Roddf%C3%B6reningen",
  "Långedrag": "https://www.google.com/search?q=Gothenburg+L%C3%A5ngedrag",
  "Hinsholmen": "https://www.google.com/search?q=Gothenburg+Hinsholmen",
  "Käringberget": "https://www.google.com/search?q=Gothenburg+K%C3%A4ringberget",
  "Tranered": "https://www.google.com/search?q=Gothenburg+Tranered",
  "Hagen": "https://www.google.com/search?q=Gothenburg+Hagen",
  "Nya Varvsallén": "https://www.google.com/search?q=Gothenburg+Nya+Varvsall%C3%A9n",
  "Ekedal": "https://www.google.com/search?q=Gothenburg+Ekedal",
  "Majvallen": "https://www.google.com/search?q=Gothenburg+Majvallen",
  "Fjällgatan": "https://www.google.com/search?q=Gothenburg+Fj%C3%A4llgatan"
}