{
    "Allhelgonakyrkan": "https://avgangstavla.vasttrafik.se/?source=vasttrafikse-stopareadetailspage&stopAreaGid=9021014001040000",
    "Almedal": "https://avgangstavla.vasttrafik.se/?source=vasttrafikse-stopareadetailspage&stopAreaGid=9021014001050000",
    "Angered Centrum": "https://avgangstavla.vasttrafik.se/?source=vasttrafikse-stopareadetailspage&stopAreaGid=9021014001075000",
    "Aprilgatan": "https://avgangstavla.vasttrafik.se/?source=vasttrafikse-stopareadetailspage&stopAreaGid=9021014001120000",
    "Axel Dahlströms Torg": "https://avgangstavla.vasttrafik.se/?source=vasttrafikse-stopareadetailspage&stopAreaGid=9021014001200000",
    "Bellevue": "https://avgangstavla.vasttrafik.se/?source=vasttrafikse-stopareadetailspage&stopAreaGid=9021014001310000",
    "Berzeliigatan": "https://avgangstavla.vasttrafik.se/?source=vasttrafikse-stopareadetailspage&stopAreaGid=9021014001420000",
    "Beväringsgatan": "https://avgangstavla.vasttrafik.se/?source=vasttrafikse-stopareadetailspage&stopAreaGid=9021014001450000",
    "Bokekullsgatan": "https://avgangstavla.vasttrafik.se/?source=vasttrafikse-stopareadetailspage&stopAreaGid=9021014001620000",
    "Botaniska Trädgården": "https://avgangstavla.vasttrafik.se/?source=vasttrafikse-stopareadetailspage&stopAreaGid=9021014006370000",
    "Briljantgatan": "https://avgangstavla.vasttrafik.se/?source=vasttrafikse-stopareadetailspage&stopAreaGid=9021014001690000",
    "Brunnsgatan": "https://avgangstavla.vasttrafik.se/?source=vasttrafikse-stopareadetailspage&stopAreaGid=9021014001745000",
    "Brunnsparken": "https://avgangstavla.vasttrafik.se/?source=vasttrafikse-stopareadetailspage&stopAreaGid=9021014001760000",
    "Bäckeliden": "https://avgangstavla.vasttrafik.se/?source=vasttrafikse-stopareadetailspage&stopAreaGid=9021014001850000",
    "Bögatan": "https://avgangstavla.vasttrafik.se/?source=vasttrafikse-stopareadetailspage&stopAreaGid=9021014001900000",
    "Centralstationen": "https://avgangstavla.vasttrafik.se/?source=vasttrafikse-stopareadetailspage&stopAreaGid=9021014001950000",
    "Chalmers": "https://avgangstavla.vasttrafik.se/?source=vasttrafikse-stopareadetailspage&stopAreaGid=9021014001960000",
    "Chapmans Torg": "https://avgangstavla.vasttrafik.se/?source=vasttrafikse-stopareadetailspage&stopAreaGid=9021014001980000",
    "Doktor Fries Torg": "https://avgangstavla.vasttrafik.se/?source=vasttrafikse-stopareadetailspage&stopAreaGid=9021014002090000",
    "Doktor Sydows Gata": "https://avgangstavla.vasttrafik.se/?source=vasttrafikse-stopareadetailspage&stopAreaGid=9021014002100000",
    "Domkyrkan": "https://avgangstavla.vasttrafik.se/?source=vasttrafikse-stopareadetailspage&stopAreaGid=9021014002130000",
    "Ejdergatan": "https://avgangstavla.vasttrafik.se/?source=vasttrafikse-stopareadetailspage&stopAreaGid=9021014012422000",
    "Ekedal": "https://avgangstavla.vasttrafik.se/?source=vasttrafikse-stopareadetailspage&stopAreaGid=9021014002170000",
    "Eketrägatan": "https://avgangstavla.vasttrafik.se/?source=vasttrafikse-stopareadetailspage&stopAreaGid=9021014002190000",
    "Ekmanska": "https://avgangstavla.vasttrafik.se/?source=vasttrafikse-stopareadetailspage&stopAreaGid=9021014002200000",
    "Elisedal": "https://avgangstavla.vasttrafik.se/?source=vasttrafikse-stopareadetailspage&stopAreaGid=9021014002210000",
    "Fjällgatan": "https://avgangstavla.vasttrafik.se/?source=vasttrafikse-stopareadetailspage&stopAreaGid=9021014012412000",
    "Frihamnen": "https://avgangstavla.vasttrafik.se/?source=vasttrafikse-stopareadetailspage&stopAreaGid=9021014002470000",
    "Friskväderstorget": "https://avgangstavla.vasttrafik.se/?source=vasttrafikse-stopareadetailspage&stopAreaGid=9021014002420000",
    "Frölunda Torg Spårvagn": "https://avgangstavla.vasttrafik.se/?source=vasttrafikse-stopareadetailspage&stopAreaGid=9021014002540000",
    "Galileis Gata": "https://avgangstavla.vasttrafik.se/?source=vasttrafikse-stopareadetailspage&stopAreaGid=9021014002630000",
    "Gamlestads Torg": "https://avgangstavla.vasttrafik.se/?source=vasttrafikse-stopareadetailspage&stopAreaGid=9021014002670000",
    "Godhemsgatan": "https://avgangstavla.vasttrafik.se/?source=vasttrafikse-stopareadetailspage&stopAreaGid=9021014002730000",
    "Gropegårdsgatan": "https://avgangstavla.vasttrafik.se/?source=vasttrafikse-stopareadetailspage&stopAreaGid=9021014002790000",
    "Grönsakstorget": "https://avgangstavla.vasttrafik.se/?source=vasttrafikse-stopareadetailspage&stopAreaGid=9021014002850000",
    "Hagakyrkan": "https://avgangstavla.vasttrafik.se/?source=vasttrafikse-stopareadetailspage&stopAreaGid=9021014003040000",
    "Hagen": "https://avgangstavla.vasttrafik.se/?source=vasttrafikse-stopareadetailspage&stopAreaGid=9021014011611000",
    "Hammarkullen": "https://avgangstavla.vasttrafik.se/?source=vasttrafikse-stopareadetailspage&stopAreaGid=9021014003080000",
    "Handelshögskolan": "https://avgangstavla.vasttrafik.se/?source=vasttrafikse-stopareadetailspage&stopAreaGid=9021014004370000",
    "Hinsholmen": "https://avgangstavla.vasttrafik.se/?source=vasttrafikse-stopareadetailspage&stopAreaGid=9021014003170000",
    "Hjalmar Brantingsplatsen": "https://avgangstavla.vasttrafik.se/?source=vasttrafikse-stopareadetailspage&stopAreaGid=9021014003180000",
    "Hjällbo": "https://avgangstavla.vasttrafik.se/?source=vasttrafikse-stopareadetailspage&stopAreaGid=9021014003200000",
    "Härlanda": "https://avgangstavla.vasttrafik.se/?source=vasttrafikse-stopareadetailspage&stopAreaGid=9021014003310000",
    "Högsbogatan": "https://avgangstavla.vasttrafik.se/?source=vasttrafikse-stopareadetailspage&stopAreaGid=9021014003360000",
    "Jaegerdorffsplatsen": "https://avgangstavla.vasttrafik.se/?source=vasttrafikse-stopareadetailspage&stopAreaGid=9021014003610000",
    "Januarigatan": "https://avgangstavla.vasttrafik.se/?source=vasttrafikse-stopareadetailspage&stopAreaGid=9021014003620000",
    "Järntorget": "https://avgangstavla.vasttrafik.se/?source=vasttrafikse-stopareadetailspage&stopAreaGid=9021014003640000",
    "Kaggeledstorget": "https://avgangstavla.vasttrafik.se/?source=vasttrafikse-stopareadetailspage&stopAreaGid=9021014003670000",
    "Kapellplatsen": "https://avgangstavla.vasttrafik.se/?source=vasttrafikse-stopareadetailspage&stopAreaGid=9021014003760000",
    "Kaptensgatan": "https://avgangstavla.vasttrafik.se/?source=vasttrafikse-stopareadetailspage&stopAreaGid=9021014003780000",
    "Klintens Väg": "https://avgangstavla.vasttrafik.se/?source=vasttrafikse-stopareadetailspage&stopAreaGid=9021014003880000",
    "Komettorget": "https://avgangstavla.vasttrafik.se/?source=vasttrafikse-stopareadetailspage&stopAreaGid=9021014003940000",
    "Korsvägen": "https://avgangstavla.vasttrafik.se/?source=vasttrafikse-stopareadetailspage&stopAreaGid=9021014003980000",
    "Kortedala Torg": "https://avgangstavla.vasttrafik.se/?source=vasttrafikse-stopareadetailspage&stopAreaGid=9021014004000000",
    "Krokslätts Fabriker": "https://avgangstavla.vasttrafik.se/?source=vasttrafikse-stopareadetailspage&stopAreaGid=9021014012141000",
    "Krokslätts torg": "https://avgangstavla.vasttrafik.se/?source=vasttrafikse-stopareadetailspage&stopAreaGid=9021014012270000",
    "Kungsportsplatsen": "https://avgangstavla.vasttrafik.se/?source=vasttrafikse-stopareadetailspage&stopAreaGid=9021014004090000",
    "Kungssten": "https://avgangstavla.vasttrafik.se/?source=vasttrafikse-stopareadetailspage&stopAreaGid=9021014004100000",
    "Kviberg": "https://avgangstavla.vasttrafik.se/?source=vasttrafikse-stopareadetailspage&stopAreaGid=9021014004140000",
    "Käringberget": "https://avgangstavla.vasttrafik.se/?source=vasttrafikse-stopareadetailspage&stopAreaGid=9021014004230000",
    "Lackarebäck": "https://avgangstavla.vasttrafik.se/?source=vasttrafikse-stopareadetailspage&stopAreaGid=9021014012140000",
    "Lana": "https://avgangstavla.vasttrafik.se/?source=vasttrafikse-stopareadetailspage&stopAreaGid=9021014004310000",
    "Lantmilsgatan": "https://avgangstavla.vasttrafik.se/?source=vasttrafikse-stopareadetailspage&stopAreaGid=9021014004320000",
    "Lilla Bommen": "https://avgangstavla.vasttrafik.se/?source=vasttrafikse-stopareadetailspage&stopAreaGid=9021014004380000",
    "Linnéplatsen": "https://avgangstavla.vasttrafik.se/?source=vasttrafikse-stopareadetailspage&stopAreaGid=9021014004510000",
    "Liseberg Station": "https://avgangstavla.vasttrafik.se/?source=vasttrafikse-stopareadetailspage&stopAreaGid=9021014004524000",
    "Liseberg Södra": "https://avgangstavla.vasttrafik.se/?source=vasttrafikse-stopareadetailspage&stopAreaGid=9021014004527000",
    "Långedrag": "https://avgangstavla.vasttrafik.se/?source=vasttrafikse-stopareadetailspage&stopAreaGid=9021014004590000",
    "Majvallen": "https://avgangstavla.vasttrafik.se/?source=vasttrafikse-stopareadetailspage&stopAreaGid=9021014004700000",
    "Mariaplan": "https://avgangstavla.vasttrafik.se/?source=vasttrafikse-stopareadetailspage&stopAreaGid=9021014004730000",
    "Marklandsgatan": "https://avgangstavla.vasttrafik.se/?source=vasttrafikse-stopareadetailspage&stopAreaGid=9021014004760000",
    "Masthuggstorget": "https://avgangstavla.vasttrafik.se/?source=vasttrafikse-stopareadetailspage&stopAreaGid=9021014004780000",
    "Medicinaregatan": "https://avgangstavla.vasttrafik.se/?source=vasttrafikse-stopareadetailspage&stopAreaGid=9021014004800000",
    "Mildvädersgatan": "https://avgangstavla.vasttrafik.se/?source=vasttrafikse-stopareadetailspage&stopAreaGid=9021014004810000",
    "Munkebäckstorget": "https://avgangstavla.vasttrafik.se/?source=vasttrafikse-stopareadetailspage&stopAreaGid=9021014004850000",
    "Musikvägen": "https://avgangstavla.vasttrafik.se/?source=vasttrafikse-stopareadetailspage&stopAreaGid=9021014004870000",
    "Mölndals Innerstad": "https://avgangstavla.vasttrafik.se/?source=vasttrafikse-stopareadetailspage&stopAreaGid=9021014012110000",
    "Mölndals sjukhus": "https://avgangstavla.vasttrafik.se/?source=vasttrafikse-stopareadetailspage&stopAreaGid=9021014012130000",
    "Nordstan": "https://avgangstavla.vasttrafik.se/?source=vasttrafikse-stopareadetailspage&stopAreaGid=9021014004945000",
    "Nya Varvsallén": "https://avgangstavla.vasttrafik.se/?source=vasttrafikse-stopareadetailspage&stopAreaGid=9021014005100000",
    "Nymilsgatan": "https://avgangstavla.vasttrafik.se/?source=vasttrafikse-stopareadetailspage&stopAreaGid=9021014005110000",
    "Nymånegatan": "https://avgangstavla.vasttrafik.se/?source=vasttrafikse-stopareadetailspage&stopAreaGid=9021014005120000",
    "Olivedalsgatan": "https://avgangstavla.vasttrafik.se/?source=vasttrafikse-stopareadetailspage&stopAreaGid=9021014005140000",
    "Olskrokstorget": "https://avgangstavla.vasttrafik.se/?source=vasttrafikse-stopareadetailspage&stopAreaGid=9021014005160000",
    "Opaltorget": "https://avgangstavla.vasttrafik.se/?source=vasttrafikse-stopareadetailspage&stopAreaGid=9021014005170000",
    "Ostindiegatan": "https://avgangstavla.vasttrafik.se/?source=vasttrafikse-stopareadetailspage&stopAreaGid=9021014005220000",
    "Positivgatan": "https://avgangstavla.vasttrafik.se/?source=vasttrafikse-stopareadetailspage&stopAreaGid=9021014005330000",
    "Prinsgatan": "https://avgangstavla.vasttrafik.se/?source=vasttrafikse-stopareadetailspage&stopAreaGid=9021014005337000",
    "Rambergsvallen": "https://avgangstavla.vasttrafik.se/?source=vasttrafikse-stopareadetailspage&stopAreaGid=9021014005440000",
    "Redbergsplatsen": "https://avgangstavla.vasttrafik.se/?source=vasttrafikse-stopareadetailspage&stopAreaGid=9021014005460000",
    "Roddföreningen": "https://avgangstavla.vasttrafik.se/?source=vasttrafikse-stopareadetailspage&stopAreaGid=9021014005480000",
    "Runstavsgatan": "https://avgangstavla.vasttrafik.se/?source=vasttrafikse-stopareadetailspage&stopAreaGid=9021014005510000",
    "Rymdtorget Spårvagn": "https://avgangstavla.vasttrafik.se/?source=vasttrafikse-stopareadetailspage&stopAreaGid=9021014005531000",
    "Sahlgrenska Huvudentré": "https://avgangstavla.vasttrafik.se/?source=vasttrafikse-stopareadetailspage&stopAreaGid=9021014005600000",
    "Saltholmen": "https://avgangstavla.vasttrafik.se/?source=vasttrafikse-stopareadetailspage&stopAreaGid=9021014005630000",
    "Sanatoriegatan": "https://avgangstavla.vasttrafik.se/?source=vasttrafikse-stopareadetailspage&stopAreaGid=9021014005650000",
    "Sandarna": "https://avgangstavla.vasttrafik.se/?source=vasttrafikse-stopareadetailspage&stopAreaGid=9021014005660000",
    "Sankt Sigfrids Plan": "https://avgangstavla.vasttrafik.se/?source=vasttrafikse-stopareadetailspage&stopAreaGid=9021014005700000",
    "Sannaplan": "https://avgangstavla.vasttrafik.se/?source=vasttrafikse-stopareadetailspage&stopAreaGid=9021014005710000",
    "Scandinavium": "https://avgangstavla.vasttrafik.se/?source=vasttrafikse-stopareadetailspage&stopAreaGid=9021014005740000",
    "Seminariegatan": "https://avgangstavla.vasttrafik.se/?source=vasttrafikse-stopareadetailspage&stopAreaGid=9021014005763000",
    "SKF": "https://avgangstavla.vasttrafik.se/?source=vasttrafikse-stopareadetailspage&stopAreaGid=9021014005862000",
    "Smaragdgatan": "https://avgangstavla.vasttrafik.se/?source=vasttrafikse-stopareadetailspage&stopAreaGid=9021014006040000",
    "Solrosgatan": "https://avgangstavla.vasttrafik.se/?source=vasttrafikse-stopareadetailspage&stopAreaGid=9021014006140000",
    "Stenpiren": "https://avgangstavla.vasttrafik.se/?source=vasttrafikse-stopareadetailspage&stopAreaGid=9021014006242000",
    "Stigbergstorget": "https://avgangstavla.vasttrafik.se/?source=vasttrafikse-stopareadetailspage&stopAreaGid=9021014006260000",
    "Stockholmsgatan": "https://avgangstavla.vasttrafik.se/?source=vasttrafikse-stopareadetailspage&stopAreaGid=9021014006290000",
    "Storås": "https://avgangstavla.vasttrafik.se/?source=vasttrafikse-stopareadetailspage&stopAreaGid=9021014006360000",
    "Svingeln": "https://avgangstavla.vasttrafik.se/?source=vasttrafikse-stopareadetailspage&stopAreaGid=9021014006480000",
    "Sälöfjordsgatan": "https://avgangstavla.vasttrafik.se/?source=vasttrafikse-stopareadetailspage&stopAreaGid=9021014006570000",
    "Teleskopgatan": "https://avgangstavla.vasttrafik.se/?source=vasttrafikse-stopareadetailspage&stopAreaGid=9021014006680000",
    "Temperaturgatan": "https://avgangstavla.vasttrafik.se/?source=vasttrafikse-stopareadetailspage&stopAreaGid=9021014006700000",
    "Tingvallsvägen": "https://avgangstavla.vasttrafik.se/?source=vasttrafikse-stopareadetailspage&stopAreaGid=9021014006775000",
    "Tranered": "https://avgangstavla.vasttrafik.se/?source=vasttrafikse-stopareadetailspage&stopAreaGid=9021014001340000",
    "Töpelsgatan": "https://avgangstavla.vasttrafik.se/?source=vasttrafikse-stopareadetailspage&stopAreaGid=9021014007150000",
    "Ullevi Norra": "https://avgangstavla.vasttrafik.se/?source=vasttrafikse-stopareadetailspage&stopAreaGid=9021014007171000",
    "Ullevi Södra": "https://avgangstavla.vasttrafik.se/?source=vasttrafikse-stopareadetailspage&stopAreaGid=9021014007172000",
    "Vagnhallen Majorna": "https://avgangstavla.vasttrafik.se/?source=vasttrafikse-stopareadetailspage&stopAreaGid=9021014007200000",
    "Valand": "https://avgangstavla.vasttrafik.se/?source=vasttrafikse-stopareadetailspage&stopAreaGid=9021014007220000",
    "Varbergsgatan": "https://avgangstavla.vasttrafik.se/?source=vasttrafikse-stopareadetailspage&stopAreaGid=9021014007270000",
    "Varmfrontsgatan": "https://avgangstavla.vasttrafik.se/?source=vasttrafikse-stopareadetailspage&stopAreaGid=9021014007280000",
    "Vasa Viktoriagatan": "https://avgangstavla.vasttrafik.se/?source=vasttrafikse-stopareadetailspage&stopAreaGid=9021014007320000",
    "Vasaplatsen": "https://avgangstavla.vasttrafik.se/?source=vasttrafikse-stopareadetailspage&stopAreaGid=9021014007300000",
    "Virginsgatan": "https://avgangstavla.vasttrafik.se/?source=vasttrafikse-stopareadetailspage&stopAreaGid=9021014007470000",
    "Vågmästareplatsen": "https://avgangstavla.vasttrafik.se/?source=vasttrafikse-stopareadetailspage&stopAreaGid=9021014007520000",
    "Vårväderstorget": "https://avgangstavla.vasttrafik.se/?source=vasttrafikse-stopareadetailspage&stopAreaGid=9021014007550000",
    "Väderilsgatan": "https://avgangstavla.vasttrafik.se/?source=vasttrafikse-stopareadetailspage&stopAreaGid=9021014007560000",
    "Wavrinskys Plats": "https://avgangstavla.vasttrafik.se/?source=vasttrafikse-stopareadetailspage&stopAreaGid=9021014007340000",
    "Welandergatan": "https://avgangstavla.vasttrafik.se/?source=vasttrafikse-stopareadetailspage&stopAreaGid=9021014007370000",
    "Wieselgrensplatsen": "https://avgangstavla.vasttrafik.se/?source=vasttrafikse-stopareadetailspage&stopAreaGid=9021014007430000",
    "Ättehögsgatan": "https://avgangstavla.vasttrafik.se/?source=vasttrafikse-stopareadetailspage&stopAreaGid=9021014007750000",
    "Önskevädersgatan": "https://avgangstavla.vasttrafik.se/?source=vasttrafikse-stopareadetailspage&stopAreaGid=9021014007840000",
    "Östra Sjukhuset": "https://avgangstavla.vasttrafik.se/?source=vasttrafikse-stopareadetailspage&stopAreaGid=9021014007880000"
}